{
  "Creating a resource" : {
    "transaction" : "Creating a resource",
    "sampleCount" : 300,
    "errorCount" : 0,
    "errorPct" : 0.0,
    "meanResTime" : 2290.3166666666666,
    "medianResTime" : 1577.0,
    "minResTime" : 332.0,
    "maxResTime" : 23929.0,
    "pct1ResTime" : 3533.900000000002,
    "pct2ResTime" : 5677.499999999994,
    "pct3ResTime" : 15145.370000000004,
    "throughput" : 7.485590238790329,
    "receivedKBytesPerSec" : 8.952249341891859,
    "sentKBytesPerSec" : 1.900638146567857
  },
  "Listing nested resources" : {
    "transaction" : "Listing nested resources",
    "sampleCount" : 300,
    "errorCount" : 0,
    "errorPct" : 0.0,
    "meanResTime" : 597.11,
    "medianResTime" : 417.5,
    "minResTime" : 92.0,
    "maxResTime" : 6130.0,
    "pct1ResTime" : 938.8000000000011,
    "pct2ResTime" : 2291.75,
    "pct3ResTime" : 4770.340000000006,
    "throughput" : 7.745933384972889,
    "receivedKBytesPerSec" : 19.902661454298993,
    "sentKBytesPerSec" : 1.1119650464756003
  },
  "Updating a resource" : {
    "transaction" : "Updating a resource",
    "sampleCount" : 300,
    "errorCount" : 0,
    "errorPct" : 0.0,
    "meanResTime" : 782.4000000000003,
    "medianResTime" : 645.0,
    "minResTime" : 320.0,
    "maxResTime" : 5354.0,
    "pct1ResTime" : 1095.7000000000007,
    "pct2ResTime" : 1952.4999999999995,
    "pct3ResTime" : 4540.190000000003,
    "throughput" : 7.557817302363078,
    "receivedKBytesPerSec" : 8.07741724190054,
    "sentKBytesPerSec" : 1.9927838590215146
  },
  "Total" : {
    "transaction" : "Total",
    "sampleCount" : 1800,
    "errorCount" : 4,
    "errorPct" : 0.22222222,
    "meanResTime" : 1922.7066666666685,
    "medianResTime" : 1103.0,
    "minResTime" : 92.0,
    "maxResTime" : 30914.0,
    "pct1ResTime" : 4377.1,
    "pct2ResTime" : 6878.4999999999945,
    "pct3ResTime" : 13028.230000000001,
    "throughput" : 42.86326618088299,
    "receivedKBytesPerSec" : 271.11083298358096,
    "sentKBytesPerSec" : 7.633344942134591
  },
  "Getting a resource" : {
    "transaction" : "Getting a resource",
    "sampleCount" : 300,
    "errorCount" : 4,
    "errorPct" : 1.3333334,
    "meanResTime" : 4120.399999999999,
    "medianResTime" : 3071.5,
    "minResTime" : 488.0,
    "maxResTime" : 17671.0,
    "pct1ResTime" : 8591.100000000002,
    "pct2ResTime" : 10817.099999999999,
    "pct3ResTime" : 16949.760000000002,
    "throughput" : 11.696818465377417,
    "receivedKBytesPerSec" : 16.288314695590298,
    "sentKBytesPerSec" : 1.5553113303181534
  },
  "Filtering resources" : {
    "transaction" : "Filtering resources",
    "sampleCount" : 300,
    "errorCount" : 0,
    "errorPct" : 0.0,
    "meanResTime" : 1087.4999999999998,
    "medianResTime" : 858.5,
    "minResTime" : 93.0,
    "maxResTime" : 9251.0,
    "pct1ResTime" : 2084.2000000000003,
    "pct2ResTime" : 3476.099999999998,
    "pct3ResTime" : 6023.210000000001,
    "throughput" : 7.8125,
    "receivedKBytesPerSec" : 29.311370849609375,
    "sentKBytesPerSec" : 1.10626220703125
  },
  "Listing all resources" : {
    "transaction" : "Listing all resources",
    "sampleCount" : 300,
    "errorCount" : 0,
    "errorPct" : 0.0,
    "meanResTime" : 2658.513333333332,
    "medianResTime" : 1416.5,
    "minResTime" : 129.0,
    "maxResTime" : 30914.0,
    "pct1ResTime" : 6122.6,
    "pct2ResTime" : 8308.749999999998,
    "pct3ResTime" : 13633.120000000006,
    "throughput" : 8.371703641691083,
    "receivedKBytesPerSec" : 234.1697951548765,
    "sentKBytesPerSec" : 1.1118668899120971
  }
}