{
  "Creating a resource" : {
    "transaction" : "Creating a resource",
    "sampleCount" : 100,
    "errorCount" : 0,
    "errorPct" : 0.0,
    "meanResTime" : 925.8099999999998,
    "medianResTime" : 904.5,
    "minResTime" : 333.0,
    "maxResTime" : 2543.0,
    "pct1ResTime" : 1705.7,
    "pct2ResTime" : 1982.4499999999996,
    "pct3ResTime" : 2541.379999999999,
    "throughput" : 8.847991505928155,
    "receivedKBytesPerSec" : 10.614306372765883,
    "sentKBytesPerSec" : 2.2465603433020704
  },
  "Listing nested resources" : {
    "transaction" : "Listing nested resources",
    "sampleCount" : 100,
    "errorCount" : 0,
    "errorPct" : 0.0,
    "meanResTime" : 247.84999999999997,
    "medianResTime" : 256.5,
    "minResTime" : 93.0,
    "maxResTime" : 457.0,
    "pct1ResTime" : 369.8,
    "pct2ResTime" : 394.4499999999999,
    "pct3ResTime" : 456.7399999999999,
    "throughput" : 9.164222873900293,
    "receivedKBytesPerSec" : 23.539344586235334,
    "sentKBytesPerSec" : 1.3155671508431084
  },
  "Updating a resource" : {
    "transaction" : "Updating a resource",
    "sampleCount" : 100,
    "errorCount" : 0,
    "errorPct" : 0.0,
    "meanResTime" : 497.66,
    "medianResTime" : 477.0,
    "minResTime" : 319.0,
    "maxResTime" : 930.0,
    "pct1ResTime" : 654.7,
    "pct2ResTime" : 716.9,
    "pct3ResTime" : 928.7499999999993,
    "throughput" : 8.843296781039971,
    "receivedKBytesPerSec" : 9.488062931110719,
    "sentKBytesPerSec" : 2.331728643438274
  },
  "Total" : {
    "transaction" : "Total",
    "sampleCount" : 700,
    "errorCount" : 100,
    "errorPct" : 14.285714,
    "meanResTime" : 530.5542857142858,
    "medianResTime" : 404.0,
    "minResTime" : 93.0,
    "maxResTime" : 4086.0,
    "pct1ResTime" : 1085.5,
    "pct2ResTime" : 1361.85,
    "pct3ResTime" : 1983.6900000000003,
    "throughput" : 52.45017233628054,
    "receivedKBytesPerSec" : 296.8111202560692,
    "sentKBytesPerSec" : 9.71733103551626
  },
  "Patching a resource" : {
    "transaction" : "Patching a resource",
    "sampleCount" : 100,
    "errorCount" : 100,
    "errorPct" : 100.0,
    "meanResTime" : 534.5000000000001,
    "medianResTime" : 504.0,
    "minResTime" : 322.0,
    "maxResTime" : 1715.0,
    "pct1ResTime" : 836.1000000000001,
    "pct2ResTime" : 875.95,
    "pct3ResTime" : 1709.9799999999973,
    "throughput" : 8.97827258035554,
    "receivedKBytesPerSec" : 14.994591993625427,
    "sentKBytesPerSec" : 2.034139881486802
  },
  "Getting a resource" : {
    "transaction" : "Getting a resource",
    "sampleCount" : 100,
    "errorCount" : 0,
    "errorPct" : 0.0,
    "meanResTime" : 931.4199999999997,
    "medianResTime" : 901.0,
    "minResTime" : 288.0,
    "maxResTime" : 4086.0,
    "pct1ResTime" : 1410.1000000000001,
    "pct2ResTime" : 1533.8499999999995,
    "pct3ResTime" : 4066.1499999999896,
    "throughput" : 9.394081728511038,
    "receivedKBytesPerSec" : 12.962273220995773,
    "sentKBytesPerSec" : 1.2659992954438704
  },
  "Filtering resources" : {
    "transaction" : "Filtering resources",
    "sampleCount" : 100,
    "errorCount" : 0,
    "errorPct" : 0.0,
    "meanResTime" : 263.17000000000013,
    "medianResTime" : 257.0,
    "minResTime" : 97.0,
    "maxResTime" : 890.0,
    "pct1ResTime" : 356.0,
    "pct2ResTime" : 522.9499999999987,
    "pct3ResTime" : 889.1699999999996,
    "throughput" : 9.161704076958314,
    "receivedKBytesPerSec" : 34.36533726523133,
    "sentKBytesPerSec" : 1.2973116124599176
  },
  "Listing all resources" : {
    "transaction" : "Listing all resources",
    "sampleCount" : 100,
    "errorCount" : 0,
    "errorPct" : 0.0,
    "meanResTime" : 313.47000000000014,
    "medianResTime" : 285.5,
    "minResTime" : 100.0,
    "maxResTime" : 1104.0,
    "pct1ResTime" : 552.4000000000001,
    "pct2ResTime" : 604.9999999999998,
    "pct3ResTime" : 1101.5199999999986,
    "throughput" : 10.158472165786264,
    "receivedKBytesPerSec" : 284.13603781491264,
    "sentKBytesPerSec" : 1.3491720845184885
  }
}