{
  "Creating a resource" : {
    "transaction" : "Creating a resource",
    "sampleCount" : 900,
    "errorCount" : 34,
    "errorPct" : 3.7777777,
    "meanResTime" : 19498.06666666666,
    "medianResTime" : 10974.0,
    "minResTime" : 329.0,
    "maxResTime" : 120350.0,
    "pct1ResTime" : 59916.7,
    "pct2ResTime" : 60337.95,
    "pct3ResTime" : 74186.82,
    "throughput" : 5.759741963560033,
    "receivedKBytesPerSec" : 7.175778525122074,
    "sentKBytesPerSec" : 1.4071869580242804
  },
  "Listing nested resources" : {
    "transaction" : "Listing nested resources",
    "sampleCount" : 900,
    "errorCount" : 0,
    "errorPct" : 0.0,
    "meanResTime" : 1367.5233333333326,
    "medianResTime" : 442.5,
    "minResTime" : 91.0,
    "maxResTime" : 60210.0,
    "pct1ResTime" : 1679.4999999999986,
    "pct2ResTime" : 4615.699999999994,
    "pct3ResTime" : 30118.760000000013,
    "throughput" : 5.948800655690028,
    "receivedKBytesPerSec" : 15.284105837425889,
    "sentKBytesPerSec" : 0.853978219127377
  },
  "Updating a resource" : {
    "transaction" : "Updating a resource",
    "sampleCount" : 900,
    "errorCount" : 0,
    "errorPct" : 0.0,
    "meanResTime" : 5408.983333333334,
    "medianResTime" : 746.5,
    "minResTime" : 320.0,
    "maxResTime" : 79599.0,
    "pct1ResTime" : 16144.599999999999,
    "pct2ResTime" : 37296.34999999998,
    "pct3ResTime" : 60343.97,
    "throughput" : 5.821851348728896,
    "receivedKBytesPerSec" : 6.233821873584967,
    "sentKBytesPerSec" : 1.5350584610906268
  },
  "Total" : {
    "transaction" : "Total",
    "sampleCount" : 5400,
    "errorCount" : 717,
    "errorPct" : 13.277778,
    "meanResTime" : 9988.369444444445,
    "medianResTime" : 3087.0,
    "minResTime" : 91.0,
    "maxResTime" : 120350.0,
    "pct1ResTime" : 27840.900000000038,
    "pct2ResTime" : 42974.34999999995,
    "pct3ResTime" : 60504.46999999999,
    "throughput" : 33.67633302151544,
    "receivedKBytesPerSec" : 188.63487098534458,
    "sentKBytesPerSec" : 5.381629784455878
  },
  "Getting a resource" : {
    "transaction" : "Getting a resource",
    "sampleCount" : 900,
    "errorCount" : 504,
    "errorPct" : 56.0,
    "meanResTime" : 15262.498888888882,
    "medianResTime" : 15423.5,
    "minResTime" : 1362.0,
    "maxResTime" : 89622.0,
    "pct1ResTime" : 24083.2,
    "pct2ResTime" : 31194.75,
    "pct3ResTime" : 44113.92,
    "throughput" : 9.70193499703552,
    "receivedKBytesPerSec" : 19.882534579987063,
    "sentKBytesPerSec" : 0.5752944267773406
  },
  "Filtering resources" : {
    "transaction" : "Filtering resources",
    "sampleCount" : 900,
    "errorCount" : 1,
    "errorPct" : 0.11111111,
    "meanResTime" : 2212.084444444443,
    "medianResTime" : 893.5,
    "minResTime" : 91.0,
    "maxResTime" : 60204.0,
    "pct1ResTime" : 4583.0999999999985,
    "pct2ResTime" : 8093.29999999994,
    "pct3ResTime" : 32678.38,
    "throughput" : 5.961844197138316,
    "receivedKBytesPerSec" : 22.363384754239533,
    "sentKBytesPerSec" : 0.8432684465255696
  },
  "Listing all resources" : {
    "transaction" : "Listing all resources",
    "sampleCount" : 900,
    "errorCount" : 178,
    "errorPct" : 19.777779,
    "meanResTime" : 16181.060000000003,
    "medianResTime" : 12344.0,
    "minResTime" : 214.0,
    "maxResTime" : 109825.0,
    "pct1ResTime" : 35587.299999999996,
    "pct2ResTime" : 50994.549999999974,
    "pct3ResTime" : 71042.75000000004,
    "throughput" : 6.943908649023995,
    "receivedKBytesPerSec" : 159.1692143738909,
    "sentKBytesPerSec" : 0.7398397114420183
  }
}