{
  "Creating a resource" : {
    "transaction" : "Creating a resource",
    "sampleCount" : 90,
    "errorCount" : 0,
    "errorPct" : 0.0,
    "meanResTime" : 1669.1777777777775,
    "medianResTime" : 1723.5,
    "minResTime" : 457.0,
    "maxResTime" : 3420.0,
    "pct1ResTime" : 2256.2000000000003,
    "pct2ResTime" : 2511.15,
    "pct3ResTime" : 3420.0,
    "throughput" : 9.934871398609118,
    "receivedKBytesPerSec" : 11.912574856496303,
    "sentKBytesPerSec" : 2.5225259410530967
  },
  "Listing nested resources" : {
    "transaction" : "Listing nested resources",
    "sampleCount" : 90,
    "errorCount" : 0,
    "errorPct" : 0.0,
    "meanResTime" : 312.2333333333334,
    "medianResTime" : 324.0,
    "minResTime" : 83.0,
    "maxResTime" : 1063.0,
    "pct1ResTime" : 493.6,
    "pct2ResTime" : 547.45,
    "pct3ResTime" : 1063.0,
    "throughput" : 11.353601614734453,
    "receivedKBytesPerSec" : 29.122062058471048,
    "sentKBytesPerSec" : 1.6298627318026997
  },
  "Updating a resource" : {
    "transaction" : "Updating a resource",
    "sampleCount" : 90,
    "errorCount" : 0,
    "errorPct" : 0.0,
    "meanResTime" : 705.411111111111,
    "medianResTime" : 657.0,
    "minResTime" : 337.0,
    "maxResTime" : 1273.0,
    "pct1ResTime" : 1132.2,
    "pct2ResTime" : 1222.05,
    "pct3ResTime" : 1273.0,
    "throughput" : 10.268111808328579,
    "receivedKBytesPerSec" : 11.00501818311466,
    "sentKBytesPerSec" : 2.707412293211637
  },
  "Total" : {
    "transaction" : "Total",
    "sampleCount" : 540,
    "errorCount" : 0,
    "errorPct" : 0.0,
    "meanResTime" : 882.0018518518515,
    "medianResTime" : 554.0,
    "minResTime" : 80.0,
    "maxResTime" : 6934.0,
    "pct1ResTime" : 2023.4,
    "pct2ResTime" : 2535.599999999998,
    "pct3ResTime" : 3063.1900000000014,
    "throughput" : 49.33308971313722,
    "receivedKBytesPerSec" : 311.9336544171387,
    "sentKBytesPerSec" : 8.80030376393203
  },
  "Getting a resource" : {
    "transaction" : "Getting a resource",
    "sampleCount" : 90,
    "errorCount" : 0,
    "errorPct" : 0.0,
    "meanResTime" : 1619.4777777777776,
    "medianResTime" : 1196.0,
    "minResTime" : 320.0,
    "maxResTime" : 6934.0,
    "pct1ResTime" : 2766.7000000000003,
    "pct2ResTime" : 2890.3500000000004,
    "pct3ResTime" : 6934.0,
    "throughput" : 9.889023184265467,
    "receivedKBytesPerSec" : 13.648161088067244,
    "sentKBytesPerSec" : 1.3327003900670256
  },
  "Filtering resources" : {
    "transaction" : "Filtering resources",
    "sampleCount" : 90,
    "errorCount" : 0,
    "errorPct" : 0.0,
    "meanResTime" : 426.3444444444446,
    "medianResTime" : 337.0,
    "minResTime" : 93.0,
    "maxResTime" : 3367.0,
    "pct1ResTime" : 886.5000000000003,
    "pct2ResTime" : 1025.15,
    "pct3ResTime" : 3367.0,
    "throughput" : 11.584502509975545,
    "receivedKBytesPerSec" : 43.474566385635214,
    "sentKBytesPerSec" : 1.6403836561977088
  },
  "Listing all resources" : {
    "transaction" : "Listing all resources",
    "sampleCount" : 90,
    "errorCount" : 0,
    "errorPct" : 0.0,
    "meanResTime" : 559.3666666666666,
    "medianResTime" : 443.0,
    "minResTime" : 80.0,
    "maxResTime" : 4614.0,
    "pct1ResTime" : 988.7000000000002,
    "pct2ResTime" : 1271.9000000000008,
    "pct3ResTime" : 4614.0,
    "throughput" : 10.797840431913617,
    "receivedKBytesPerSec" : 302.0077234553089,
    "sentKBytesPerSec" : 1.4340881823635272
  }
}