{
  "Creating a resource" : {
    "transaction" : "Creating a resource",
    "sampleCount" : 50,
    "errorCount" : 0,
    "errorPct" : 0.0,
    "meanResTime" : 1677.7599999999995,
    "medianResTime" : 1671.5,
    "minResTime" : 521.0,
    "maxResTime" : 3300.0,
    "pct1ResTime" : 2654.4,
    "pct2ResTime" : 3138.0499999999993,
    "pct3ResTime" : 3300.0,
    "throughput" : 6.23208276205908,
    "receivedKBytesPerSec" : 7.463649429764428,
    "sentKBytesPerSec" : 1.5823647638040634
  },
  "Listing nested resources" : {
    "transaction" : "Listing nested resources",
    "sampleCount" : 50,
    "errorCount" : 0,
    "errorPct" : 0.0,
    "meanResTime" : 309.66,
    "medianResTime" : 283.0,
    "minResTime" : 106.0,
    "maxResTime" : 530.0,
    "pct1ResTime" : 446.0,
    "pct2ResTime" : 501.29999999999984,
    "pct3ResTime" : 530.0,
    "throughput" : 7.024445068839562,
    "receivedKBytesPerSec" : 18.014408892947458,
    "sentKBytesPerSec" : 1.0083920167181792
  },
  "Updating a resource" : {
    "transaction" : "Updating a resource",
    "sampleCount" : 50,
    "errorCount" : 0,
    "errorPct" : 0.0,
    "meanResTime" : 763.2999999999997,
    "medianResTime" : 677.5,
    "minResTime" : 336.0,
    "maxResTime" : 1285.0,
    "pct1ResTime" : 1082.1,
    "pct2ResTime" : 1121.85,
    "pct3ResTime" : 1285.0,
    "throughput" : 6.3971340839304,
    "receivedKBytesPerSec" : 6.85218022325998,
    "sentKBytesPerSec" : 1.6867443385363357
  },
  "Total" : {
    "transaction" : "Total",
    "sampleCount" : 300,
    "errorCount" : 0,
    "errorPct" : 0.0,
    "meanResTime" : 800.3966666666669,
    "medianResTime" : 576.0,
    "minResTime" : 106.0,
    "maxResTime" : 3300.0,
    "pct1ResTime" : 1676.7000000000005,
    "pct2ResTime" : 2211.999999999999,
    "pct3ResTime" : 3213.3800000000015,
    "throughput" : 28.299217054994813,
    "receivedKBytesPerSec" : 178.93598628667107,
    "sentKBytesPerSec" : 5.048167625695688
  },
  "Getting a resource" : {
    "transaction" : "Getting a resource",
    "sampleCount" : 50,
    "errorCount" : 0,
    "errorPct" : 0.0,
    "meanResTime" : 1121.9799999999998,
    "medianResTime" : 1073.0,
    "minResTime" : 552.0,
    "maxResTime" : 3215.0,
    "pct1ResTime" : 1303.8,
    "pct2ResTime" : 1947.6499999999983,
    "pct3ResTime" : 3215.0,
    "throughput" : 8.430281571404485,
    "receivedKBytesPerSec" : 11.636587685466194,
    "sentKBytesPerSec" : 1.1361121648963075
  },
  "Filtering resources" : {
    "transaction" : "Filtering resources",
    "sampleCount" : 50,
    "errorCount" : 0,
    "errorPct" : 0.0,
    "meanResTime" : 436.38000000000005,
    "medianResTime" : 377.0,
    "minResTime" : 180.0,
    "maxResTime" : 1178.0,
    "pct1ResTime" : 707.3,
    "pct2ResTime" : 870.999999999999,
    "pct3ResTime" : 1178.0,
    "throughput" : 6.950236308034473,
    "receivedKBytesPerSec" : 26.0879563264526,
    "sentKBytesPerSec" : 0.9841643209619128
  },
  "Listing all resources" : {
    "transaction" : "Listing all resources",
    "sampleCount" : 50,
    "errorCount" : 0,
    "errorPct" : 0.0,
    "meanResTime" : 493.29999999999995,
    "medianResTime" : 366.5,
    "minResTime" : 221.0,
    "maxResTime" : 2363.0,
    "pct1ResTime" : 838.3999999999999,
    "pct2ResTime" : 1821.0499999999968,
    "pct3ResTime" : 2363.0,
    "throughput" : 9.62278675904542,
    "receivedKBytesPerSec" : 269.1576152328715,
    "sentKBytesPerSec" : 1.2780263664357199
  }
}